"Reference","Qty","Value","DNP","Exclude from BOM","Exclude from Board","Footprint","Datasheet","Description","Part Number","Provider"
"BZ1","1","Buzzer","","","","Sadman_audio:SMT-0827-S-HT-R","https://puiaudio.com/file/specs-SMT-0827-S-HT-R.pdf","Buzzer, polarized","SMT-0827-S-HT-R","Digikey"
"C1,C2,C26,C29,C30","5","10uF","","","","Capacitor_SMD:C_0603_1608Metric","https://mm.digikey.com/Volume0/opasdata/d220001/medias/docus/43/CL10A106KP8NNNC_Spec.pdf","CAP CER 10UF 10V X5R 0603","CL10A106KP8NNNC","Digikey"
"C3,C4,C6,C8","4","4.7uF","","","","Capacitor_SMD:C_0402_1005Metric","https://search.murata.co.jp/Ceramy/image/img/A01X/G101/ENG/GRM155D71A475ME15-01A.pdf","CAP CER 4.7UF 10V X7T 0402","GRM155D71A475ME15J","Digikey"
"C5,C7,C9,C10,C11,C12,C13,C14,C15,C16,C17,C20,C21,C22,C23,C24,C25,C27,C28,C31,C32,C33,C34","23","100nF","","","","Capacitor_SMD:C_0402_1005Metric","https://mm.digikey.com/Volume0/opasdata/d220001/medias/docus/729/CL05B104KA5NNNC_Spec.pdf","CAP CER 0.1UF 25V X7R 0402","CL05B104KA5NNNC","Digikey"
"C18,C19","2","15pF","","","","Capacitor_SMD:C_0402_1005Metric","https://search.murata.co.jp/Ceramy/image/img/A01X/G101/ENG/GJM1555C1H150FB01-01.pdf","CAP CER 15PF 50V C0G/NP0 0402","GJM1555C1H150FB01D","Digikey"
"D1","1","LG","","","","Inductor_SMD:L_0603_1608Metric","https://www.we-online.com/components/products/datasheet/150060VS55040.pdf","LED GREEN DIFFUSED 0603 SMD","150060VS55040","Digikey"
"D2","1","1N4148WT","","","","Diode_SMD:D_SOD-523","https://mm.digikey.com/Volume0/opasdata/d220001/medias/docus/6621/1N914BWTCND.pdf","DIODE STANDARD 75V 200MA SOD523F","1N4148WT","Digikey"
"J1,J2","2","Conn_01x04","","","","Connector_JST:JST_SH_SM04B-SRSS-TB_1x04-1MP_P1.00mm_Horizontal","~","CONN HEADER SMD R/A 4POS 1MM","SM04B-SRSS-TB","Digikey"
"J3,J4","2","TC2030","","Excluded from BOM","","Connector:Tag-Connect_TC2030-IDC-NL_2x03_P1.27mm_Vertical","https://www.tag-connect.com/wp-content/uploads/bsk-pdf-manager/2019/12/TC2030-IDC-NL-Datasheet-Rev-B.pdf","Tag-Connect’s 6-pins connector","",""
"J6","1","USB_C_Receptacle","","","","Connector_USB:USB_C_Receptacle_Amphenol_12401610E4-2A","https://www.usb.org/sites/default/files/documents/usb_type-c.zip","CONN RCP USB3.1 TYPEC 24P SMD RA","12401610E4#2A","Digikey"
"J8","1","~","","","","Sadman_connectors:MikroBUS_Left","https://www.we-online.com/components/products/datasheet/61300811821.pdf","WR-PHD 2.54 MM SOCKET HEADER; 8","61300811821","Digikey"
"J9","1","~","","","","Sadman_connectors:MikroBUS_Right","https://www.we-online.com/components/products/datasheet/61300811821.pdf","WR-PHD 2.54 MM SOCKET HEADER; 8","61300811821","Digikey"
"L1","1","3.3uH","","","","sadman_power_passive:L_0806_2016Metric","https://abracon.com/datasheets/AOTA-B201610S3R3-101-T.pdf","FIXED IND 3.3UH 2.1A 140 MOHM","AOTA-B201610S3R3-101-T","Digikey"
"L2","1","680nF","","","","sadman_power_passive:L_1212_3030Metric","https://www.coilcraft.com/en-us/files/datasheet/xfl3012","FIXED IND 680NH 2.1A 40 MOHM SMD","XFL3012-681MEC","Digikey"
"Q1","1","AO3401A","","","","Package_TO_SOT_SMD:SOT-23","https://aosmd.com/sites/default/files/res/datasheets/AO3401A.pdf","MOSFET P-CH 30V 4A SOT23-3L","AO3401A","Digikey"
"Q2","1","AO3400A","","","","Package_TO_SOT_SMD:TSOT-23","https://mm.digikey.com/Volume0/opasdata/d220001/medias/docus/1133/AO3400A_ds.pdf","N-Channel 30 V 5.7A (Ta) 1.4W (Ta) Surface Mount SOT-23-3","AO3400A","Digikey"
"R1,R2","2","5.1k","","","","Resistor_SMD:R_0603_1608Metric","https://yageogroup.com/content/datasheet/asset/file/PYU-RC_GROUP_51_ROHS_L","RES 5.1K OHM 1% 1/10W 0603","RC0603FR-075K1L","Digikey"
"R3","1","33","","","","Resistor_SMD:R_0402_1005Metric","https://yageogroup.com/content/datasheet/asset/file/PYU-RC_GROUP_51_ROHS_L","RES 33 OHM 5% 1/16W 0402","RC0402JR-0733RL","Digikey"
"R4,R5","2","27","","","","Resistor_SMD:R_0402_1005Metric","https://yageogroup.com/content/datasheet/asset/file/PYU-RC_GROUP_51_ROHS_L","RES 27 OHM 1% 1/16W 0402","RC0402FR-0727RL","Digikey"
"R6,R7,R8","3","1K","","","","Resistor_SMD:R_0402_1005Metric","https://industrial.panasonic.com/cdbs/www-data/pdf/RDA0000/AOA0000C304.pdf","RES SMD 1K OHM 1% 1/10W 0402","ERJ-2RKF1001X","Digikey"
"R9","1","0","","","","Resistor_SMD:R_0603_1608Metric","https://yageogroup.com/content/datasheet/asset/file/PYU-RC_GROUP_51_ROHS_L","RES 0 OHM JUMPER 1/10W 0603","RC0603JR-070RL","Digikey"
"R10,R11","2","0","DNP","","","Resistor_SMD:R_0603_1608Metric","https://yageogroup.com/content/datasheet/asset/file/PYU-RC_GROUP_51_ROHS_L","RES 0 OHM JUMPER 1/10W 0603","RC0603JR-070RL","Digikey"
"R12","1","200","","","","Resistor_SMD:R_0805_2012Metric","https://industrial.panasonic.com/cdbs/www-data/pdf/RDO0000/AOA0000C331.pdf","RES SMD 200 OHM 1% 1/2W 0805","ERJ-P06F2000V","Digikey"
"R13,R14,R15,R16,R19,R20,R21,R22,R23","9","10k","","","","Resistor_SMD:R_0603_1608Metric","https://yageogroup.com/content/datasheet/asset/file/PYU-RC_GROUP_51_ROHS_L","RES 10K OHM 1% 1/10W 0603","RC0603FR-0710KL","Digikey"
"R17,R18","2","2.2K","","","","Resistor_SMD:R_0603_1608Metric","https://yageogroup.com/content/datasheet/asset/file/PYU-RC_GROUP_51_ROHS_L","RES 2.2K OHM 1% 1/10W 0603","RC0603FR-072K2L","Digikey"
"SW1,SW2,SW3,SW4","4","SW_Push","","","","Button_Switch_SMD:SW_Push_1P1T_NO_Vertical_Wuerth_434133025816","https://www.we-online.com/components/products/datasheet/434133025816.pdf","SWITCH TACTILE SPST-NO 0.05A 16V","434133025816","Digikey"
"SW5","1","SW","","","","Button_Switch_SMD:SW_DPDT_CK_JS202011JCQN","https://www.ckswitches.com/media/1422/js.pdf","SWITCH SLIDE DPDT 300MA 6V","JS202011SCQN","Digikey"
"U1","1","RP2350B","","","","Package_DFN_QFN:QFN-80-1EP_10x10mm_P0.4mm_EP3.4x3.4mm","https://datasheets.raspberrypi.com/rp2350/rp2350-datasheet.pdf","RP2350B / 7"" REEL - 500PCS","SC1510-A4","Digikey"
"U2","1","ESP32-C3-WROOM-02","","","","RF_Module:ESP32-C3-WROOM-02","https://www.espressif.com/sites/default/files/documentation/esp32-c3-wroom-02_datasheet_en.pdf","802.11 b/g/n Wi­Fi and Bluetooth 5 module, ESP32­C3 SoC, RISC­V microprocessor, On-board antenna","ESP32-C3-WROOM-02-H4","Digikey"
"U4","1","TPS628502","","","","Package_TO_SOT_SMD:SOT-583-8","https://www.ti.com/lit/gpn/tps628502-q1","IC REG BUCK 3.3V 2A SOT583","TPS6285021HQDRLRQ1","Digikey"
"U5,U6","2","W25Q128JVS","","","","Package_SO:SOIC-8_5.3x5.3mm_P1.27mm","https://www.winbond.com/resource-files/w25q128jv_dtr%20revc%2003272018%20plus.pdf","128Mbit / 16MiB Serial Flash Memory, Standard/Dual/Quad SPI, 2.7-3.6V, SOIC-8","W25Q128JVSIM TR","Digikey"
"U7,U8,U9","3","MAX40200AUK","","","","Package_TO_SOT_SMD:SOT-23-5","https://datasheets.maximintegrated.com/en/ds/MAX40200.pdf","IC DIODE CURRENT SWITCH SOT23-5","MAX40200AUK+T","Digikey"
"U10","1","USBLC6-2SC6","","","","Package_TO_SOT_SMD:SOT-23-6","https://www.st.com/resource/en/datasheet/usblc6-2.pdf","Very low capacitance ESD protection diode, 2 data-line, SOT-23-6","USBLC6-2SC6","Digikey"
"U12","1","BME280","","","","Package_LGA:Bosch_LGA-8_2.5x2.5mm_P0.65mm_ClockwisePinNumbering","https://www.bosch-sensortec.com/media/boschsensortec/downloads/datasheets/bst-bme280-ds002.pdf","3-in-1 sensor, humidity, pressure, temperature, I2C and SPI interface, 1.71-3.6V, LGA-8","BME280","Digikey"
"Y1","1","12MHz","","","","Crystal:Crystal_SMD_3225-4Pin_3.2x2.5mm","https://mm.digikey.com/Volume0/opasdata/d220001/medias/docus/6536/ABM8_Datasheet.pdf","CRYSTAL 12.0000MHZ 10PF SMD","ABM8-272-T3","Digikey"
